INSERT INTO assets 
(id, type, agency_id, district_id, section, address, coordinates, area_coordinates, target_name, status, created_at)
VALUES 
    (22, '建物', 27, 27, '歸仁北段', '錦仁區和平南街9號', NULL, NULL, '歸仁市場2, 3樓', '未活化', '2024-11-05 07:45:16.031803'),
    (23, '建物', 2, 16, '馬沙溝段', '將軍區長沙里沙126-5號', NULL, NULL, '將軍馬沙溝安檢所', '未活化', '2024-11-05 07:45:16.031803'),
    (24, '建物', 2, 13, '下山子寮段', '七股區鹽埕里鹽埕237-10號', NULL, NULL, '七股區鹽埕安檢所', '未活化', '2024-11-05 07:45:16.031803'),
    (25, '建物', 2, 8, '麻豆寮段', '下營區賀建里麻豆寮2號', NULL, NULL, '賀建派出所辦公廳舍', '未活化', '2024-11-05 07:45:16.031803'),
    (26, '建物', 124, 11, '草山段', '左鎮區草山里74號', NULL, NULL, '岡林國小草山分班', '未活化', '2024-11-05 07:45:16.031803'),
    (27, '建物', 18, 14, '西進段', '學甲區中洲路110-1號', NULL, NULL, NULL, '未活化', '2024-11-05 07:45:16.031803'),
    (28, '建物', 18, 4, '忠政段', '新營區中正路37巷152號', NULL, NULL, NULL, '未活化', '2024-11-05 07:45:16.031803'),
    (29, '建物', 18, 21, '府東段', '臺南市東區大同路一段141巷43號', NULL, NULL, NULL, '未活化', '2024-11-05 07:45:16.031803'),
    (30, '建物', 2, 29, '海佃段', '安南區海佃路一段419號', NULL, NULL, '舊海南派出所', '未活化', '2024-11-05 07:45:16.031803'),
    (31, '建物', 2, 19, '實踐段', '北區大武街162號', NULL, NULL, '實踐派出所', '未活化', '2024-11-05 07:45:16.031803'),
    (32, '建物', 2, 11, '豐里段', '玉井區豐里里58號', NULL, NULL, '玉井分局原豐里派出所', '未活化', '2024-11-05 07:45:16.031803'),
    (33, '建物', 2, 10, '菁埔寮段', '南化區東和里1號', NULL, NULL, '玉井分局原東和派出所', '未活化', '2024-11-05 07:45:16.031803'),
    (34, '建物', 59, 21, '立德段', '東區立德十路30巷51號', NULL, NULL, '大德里活動中心', '未活化', '2024-11-05 07:45:16.031803'),
    (35, '建物', 14, 28, '保東段', '關廟區保東路58巷1號', NULL, NULL, '埤頭衛生室', '未活化', '2024-11-05 07:45:16.031803'),
    (36, '建物', 14, 13, '三吉段', '七股區永吉里永吉51-5號', NULL, NULL, '永吉衛生室', '未活化', '2024-11-05 07:45:16.031803'),
    (37, '建物', 69, 26, '南三舍段', '新市區三舍里67號', NULL, NULL, '三舍社區活動中心', '未活化', '2024-11-05 07:45:16.031803'),
    (38, '建物', 18, 20, '星鑽段', '中西區南華街98號', NULL, NULL, '中西區南華街98號右邊', '未活化', '2024-11-05 07:45:16.031803'),
    (39, '建物', 18, 20, '南門段', '中西區南華街71巷3號', NULL, NULL, NULL, '未活化', '2024-11-05 07:45:16.031803'),
    (40, '建物', 2, 7, '保生段', '楠西區鹿田里30號', NULL, NULL, '玉井分局原鹿田派出所', '未活化', '2024-11-05 07:45:16.031803'),
    (41, '建物', 2, 15, '成功段', '西港區劉厝里劉厝63號', NULL, NULL, NULL, '未活化', '2024-11-05 07:45:16.031803');


INSERT INTO building_land_details 
(asset_id, lot_number, land_type, land_manager, created_at, updated_at)
VALUES
    (22, '1043-44', '市有土地', NULL, NOW(), NOW()),
    (22, '1043-45', '市有土地', NULL, NOW(), NOW()),
    (22, '1044-18', '市有土地', NULL, NOW(), NOW()),
    (22, '1044-19', '市有土地', NULL, NOW(), NOW()),
    (22, '1135-42', '市有土地', NULL, NOW(), NOW()),
    (23, '53', '國有土地', NULL, NOW(), NOW()),
    (24, '58-44', '國有土地', NULL, NOW(), NOW()),
    (25, '405', '市有土地', NULL, NOW(), NOW()),
    (25, '405-2', '國有土地', NULL, NOW(), NOW()),
    (25, '466-33', '市有土地', NULL, NOW(), NOW()),
    (26, '434', '私有土地', NULL, NOW(), NOW()),
    (27, '617', '市有土地', NULL, NOW(), NOW()),
    (28, '931', '市有土地', NULL, NOW(), NOW()),
    (29, '637', '市有土地', NULL, NOW(), NOW()),
    (30, '28', '市有土地', NULL, NOW(), NOW()),
    (31, '610', '國有土地', NULL, NOW(), NOW()),
    (32, '321', '市有土地', NULL, NOW(), NOW()),
    (33, '299-1', '市有土地', NULL, NOW(), NOW()),
    (33, '297-2', '市有土地', NULL, NOW(), NOW()),
    (34, '409', '市有土地', NULL, NOW(), NOW()),
    (34, '410', '市有土地', NULL, NOW(), NOW()),
    (34, '412', '市有土地', NULL, NOW(), NOW()),
    (35, '448', '市有土地', NULL, NOW(), NOW()),
    (36, '1512', '市有土地', NULL, NOW(), NOW()),
    (37, '871', '私有土地', NULL, NOW(), NOW()),
    (37, '872', '私有土地', NULL, NOW(), NOW()),
    (37, '873', '私有土地', NULL, NOW(), NOW()),
    (37, '874', '私有土地', NULL, NOW(), NOW()),
    (38, '2374', '市有土地', '財稅局', NOW(), NOW()),
    (38, '2376', '市有土地', '財稅局', NOW(), NOW()),
    (38, '2376-1', '市有土地', '財稅局', NOW(), NOW()),
    (38, '2373', '市有土地', '社會局', NOW(), NOW()),
    (38, '2375', '市有土地', '社會局', NOW(), NOW()),
    (38, '2375-1', '市有土地', '社會局', NOW(), NOW()),
    (39, '1572', '市有土地', NULL, NOW(), NOW()),
    (40, '69', '市有土地', NULL, NOW(), NOW()),
    (41, '471', '私有土地', NULL, NOW(), NOW()),
    (41, '472', '市有土地', NULL, NOW(), NOW()),
    (41, '473', '私有土地', NULL, NOW(), NOW()),
    (41, '474', '國有土地', NULL, NOW(), NOW()),
    (41, '475', '私有土地', NULL, NOW(), NOW());

INSERT INTO building_details 
(asset_id, building_number, building_type, floor_area, zone_type, land_use, current_status, vacancy_rate, note, created_at, updated_at)
VALUES
    (22, '歸仁北段6932建號', '市有建物', '2樓:3729.7 3樓:3426.2', '市場用地', '市場用地', '空置', NULL, '2樓空置、3樓部分空間約400坪提供給使用、其餘空置(約600坪)', NOW(), NOW()),
    (23, '未保存登記', '市有建物', '1樓:74.34 2樓:74.34', '一般農業區', '特定目的事業用地', '空置', NULL, NULL, NOW(), NOW()),
    (24, '未保存登記', '市有建物', '1樓:76.56(現況為2層樓)', '一般農業區', '特定目的事業用地', '空置', NULL, NULL, NOW(), NOW()),
    (25, '未保存登記', '市有建物', '辦公廳舍：2樓:119.8㎡ 宿舍2-1號：1樓:119.9㎡ 2樓:117.14㎡', '特定農業區', '特定目的事業用地', '空置', NULL, NULL, NOW(), NOW()),
    (26, '未保存登記', '市有建物', '374.15', '森林區', '特定目的事業用地', '部分空置', NULL, NULL, NOW(), NOW()),
    (27, '未保存登記', '市有建物', '75.51(現況為3層樓)', '鄰里區', '乙種建築用地', '空置', NULL, NULL, NOW(), NOW()),
    (28, '525、526建號', '國有建物', '152、152-1、154、154-1號：合計245.22㎡ 156-1、158號：約61.3㎡', '住宅區', NULL, '空置', NULL, NULL, NOW(), NOW()),
    (29, '415建號之部分', NULL, '23.33', '住宅區', NULL, '空置', NULL, '此建號包含多個門牌', NOW(), NOW()),
    (30, '1255建號', '市有建物', '1樓:55.67、2樓:75.31、3樓:75.31、屋突:6.51、騎樓:19.64', '機關用地', NULL, '空置', NULL, NULL, NOW(), NOW()),
    (31, '實踐段832建號', '市有建物', '辦公廳舍(A棟)1樓:113.04㎡ 2樓:113.04㎡ 宿舍(B棟)1樓:112.64㎡ 2樓:112.64㎡ 陽台:8.22㎡(辦公廳舍現況為3層樓)', '住宅區', NULL, '部分空置', NULL, '宿舍尚有退休員警家屬居住、僅辦公廳舍空置', NOW(), NOW()),
    (32, '豐里段35建號', '市有建物', '1樓:116.11、2樓:116.11', '鄉村區', '特定目的事業用地', '空置', NULL, NULL, NOW(), NOW()),
    (33, '未保存登記', '市有建物', '119.2', '山坡地保育區', '丙種建築用地', '空置', NULL, NULL, NOW(), NOW()),
    (34, '立德段512建號', '市有建物', '109.84', '住宅區', NULL, '部分空置', NULL, '3樓禮堂:60、4樓教室:50', NOW(), NOW()),
    (35, '保東段119建號', '市有建物', '126.56', '鄉村區', '乙種建築用地', '空置', NULL, NULL, NOW(), NOW()),
    (36, '三吉段329建號', '市有建物', '92.22', '一般農業區', '特定目的事業用地', '空置', NULL, '不定期公告徵求認養者', NOW(), NOW()),
    (37, '南三舍段109建號', '市有建物', '413.16', '鄉村區', '乙種建築用地', '低度利用', NULL, '低度利用 就是? 空置比例? ', NOW(), NOW()),
    (38, '未保存登記', '市有建物', '238.98', '商業區', NULL, '空置', NULL, NULL, NOW(), NOW()),
    (39, '南門段1876建號', '市有建物', '79.26', '中密度住宅區', NULL, '空置', NULL, NULL, NOW(), NOW()),
    (40, '保生段5建號', '市有建物', '251.52', '鄉村區', '特定目的事業用地', '空置', NULL, NULL, NOW(), NOW()),
    (41, '未保存登記', '市有建物', '一、本體：派出所建築本體及南側門柱與圍牆，面積256.13㎡二、附屬設施：派出所北側、東側之水塔、事務空間東西二側房間之南側圍牆，及東南側之建築遺構，面積153.87㎡', '鄉村區', '乙種建築用地', '空置', NULL, '經本府文化局112年7月31日南市文資字第1120950315A號公告為直轄市定古蹟', NOW(), NOW());